Location,ApertureWidth,ApertureLength,Circularity,N.Telochonc.Whorls,Whorl.First.Primary,N.Primary.Whorls,Whorl.Axial.Striae,Whorl.Tertiary.Groove,Whorl.Spiral.Striae
Cuba,7.7,9.8,0.79,7,3,8,2,6,6
Cuba,8.6,10.8,0.8,7,3,5,3,0,0
Cuba,7.1,9,0.79,7,3,4,3,7,0
Cuba,7.9,10.9,0.72,6,2,4,2,6,0
Cuba,7.2,9.8,0.73,7,3,3,2,0,5
Cuba,6.8,8.7,0.78,7,3,5,3,0,0
Cuba,7.3,9.3,0.78,7,3,3,2,7,5
Cuba,7.9,9.6,0.82,7,3,4,3,0,7
Cuba,6.8,8.7,0.78,6,2,5,2,6,4
Cuba,8.8,11.7,0.75,7,2,3,2,0,3
Cuba,6.9,9,0.77,7,4,8,2,0,0
Cuba,7.9,10.9,0.72,7,2,3,2,7,5
Cuba,6.4,8,0.8,6,2,3,2,6,5
Cuba,5.9,8,0.74,6,2,3,2,6,5
Cuba,8.9,11,0.81,7,3,4,3,7,5
Cuba,7,9.4,0.74,7,3,3,3,0,0
Cuba,7.7,9.2,0.84,7,3,5,1,0,5
Cuba,6.1,8.2,0.74,6,3,8,2,6,5
Cuba,8.8,10.8,0.81,7,3,6,3,0,5
Brazil,12.1,16.5,0.73,7,1,6,2,7,7
Brazil,10.5,13.2,0.8,7,2,4,2,6,6
Brazil,6.5,9,0.72,6,1,3,1,0,5
Brazil,7.8,10.4,0.75,7,2,5,2,7,5
Brazil,8.5,11.9,0.71,7,2,3,2,0,6
Brazil,9.7,13.5,0.72,7,2,4,2,0,0
Brazil,11.4,15.1,0.75,7,2,4,3,7,0
Brazil,10.4,14,0.74,7,2,4,1,0,0
Brazil,13.1,18.5,0.71,7,2,3,2,6,0
Brazil,9.4,12.6,0.75,7,3,5,2,6,0
Brazil,6.5,8.8,0.74,6,1,4,2,0,6
Brazil,9.3,12.8,0.73,7,2,4,2,7,7
Brazil,10.6,14,0.76,6,2,8,1,0,0
Brazil,10.6,13.2,0.8,7,2,8,2,7,6
Brazil,10.4,13.7,0.76,7,3,9,3,7,0
Brazil,7.1,9.6,0.74,6,2,7,2,6,4
Brazil,6.8,9.4,0.72,7,3,6,3,0,0
Brazil,5.9,7.5,0.79,7,2,4,3,7,5
Brazil,5.8,8.6,0.67,6,1,3,2,6,4
Brazil,10.7,14.1,0.76,7,2,4,2,7,6
Bahamas,8.5,11.4,0.75,7,2,4,2,7,7
Bahamas,9,11.4,0.79,7,3,4,3,7,0
Bahamas,9.1,11.9,0.76,7,3,9,3,0,0
Bahamas,8.4,11.2,0.75,7,3,11,3,7,5
Bahamas,8.4,11,0.76,7,2,5,2,7,5
Bahamas,9.1,11.9,0.76,7,2,3,3,7,6
Bahamas,8.9,12,0.74,7,3,6,2,0,0
Bahamas,7.6,10.4,0.73,7,2,3,2,7,0
Bahamas,9.9,12.2,0.81,7,2,7,2,7,0
Bahamas,8.5,11.4,0.75,7,3,3,3,0,4
Bahamas,9.9,13.5,0.73,7,3,8,3,0,0
Bahamas,9.7,12.3,0.79,7,2,3,2,7,7
Bahamas,9.3,12.2,0.76,7,3,5,2,7,0
Bahamas,9.5,12.5,0.76,7,1,4,1,0,0
Bahamas,7.7,9.9,0.78,7,3,7,2,6,0
Bahamas,6.4,8.5,0.75,7,3,6,2,7,4
Bahamas,7.9,10.1,0.78,7,2,4,2,7,6
Bahamas,6,8.1,0.74,6,1,3,2,0,0
Bahamas,6,8,0.75,7,2,2,2,7,6
Bahamas,5,7.3,0.68,6,2,3,2,0,0
Bahamas,7.3,9.4,0.78,6,2,3,2,6,0
Nicaragua,11,14.2,0.77,7,3,7,3,7,5
Nicaragua,10.5,14.5,0.72,7,2,6,2,6,5
Nicaragua,10.4,14,0.74,7,3,5,2,7,0
Nicaragua,9.4,12.7,0.74,7,3,8,3,0,0
Nicaragua,10.1,13.3,0.76,7,3,4,4,0,6
Nicaragua,10.5,14.4,0.73,7,2,7,2,6,0
Nicaragua,10.6,14.8,0.72,7,2,3,3,7,7
Nicaragua,11.1,15.4,0.72,7,2,4,2,7,5
Nicaragua,9.5,12.6,0.75,7,3,7,3,7,6
Nicaragua,9.8,13.7,0.72,7,3,4,2,7,0
Nicaragua,10.1,13.9,0.73,7,3,6,3,7,0
Nicaragua,9.5,12.4,0.77,7,2,3,2,5,5
Haiti,5.9,8,0.74,7,3,4,2,7,6
Haiti,6.5,8.6,0.76,6,2,4,2,6,4
Haiti,8.6,11,0.78,6,2,6,2,6,0
Haiti,8.1,10.2,0.79,7,2,4,2,0,0
Haiti,6.5,8.6,0.76,6,2,7,2,0,0
Haiti,6.8,9,0.76,6,2,3,2,0,0
Haiti,7,9.1,0.77,6,2,4,2,6,4
Haiti,6.5,8.6,0.76,6,1,4,2,0,0
Haiti,5.8,7.5,0.77,6,2,4,3,6,4
Angola,9.4,12.4,0.76,6,2,9,3,6,6
Angola,7.9,10.1,0.78,6,2,8,1,5,5
Angola,10.3,13.2,0.78,7,2,6,1,7,0
Angola,9,10.9,0.83,6,1,4,2,0,6
Angola,8.4,10.6,0.79,6,2,8,2,6,5
Angola,7.9,10,0.79,5,1,7,2,5,0
Angola,6.5,8,0.81,5,2,3,3,5,5
Angola,6.9,9.1,0.76,6,2,6,2,6,0
Angola,6.5,8.2,0.79,6,1,5,1,0,0
Angola,6.9,9,0.77,6,2,5,3,5,5
Angola,6.8,8.8,0.77,6,2,8,2,4,4
Angola,7.4,10.5,0.7,6,2,6,2,6,5
Angola,7.1,9.4,0.76,6,2,8,3,6,0
Angola,7.7,10.2,0.75,6,3,5,4,6,0
Congo,11.7,14.2,0.82,7,3,8,3,7,0
Congo,12.9,15.1,0.85,6,2,6,3,0,0
Congo,11,13.5,0.81,6,2,1,2,6,0
Congo,10.4,12.7,0.82,6,3,8,4,0,0
Congo,10,12.3,0.81,6,2,4,5,0,0
Congo,9.9,11.8,0.84,6,2,8,2,6,0
Congo,6.5,8.5,0.76,6,3,5,4,0,0
Congo,7.2,8.5,0.85,6,2,6,3,6,0
Congo,5.8,6.5,0.89,6,2,4,3,0,0
Congo,5.8,7.1,0.82,6,1,4,2,0,0
Congo,6.1,8,0.76,6,2,8,3,0,0
Congo,6,6.9,0.87,6,3,10,4,6,0
Congo,6,6.9,0.87,6,4,5,5,0,0
Congo,5.9,7.2,0.82,6,3,5,3,0,0
Congo,5.4,6.4,0.84,6,2,8,2,0,0
Congo,2.8,3.9,0.72,5,2,7,2,0,0
Congo,2.9,3.9,0.74,5,2,8,3,0,0
Congo,2.5,3.5,0.71,5,2,9,3,0,5
Congo,2.5,3.8,0.66,5,1,7,1,0,5
Congo,3.1,3.5,0.89,5,3,11,2,0,0
Bermuda,11.9,15.6,0.76,9,3,5,2,0,8
Bermuda,14,18.4,0.76,7,2,6,3,0,0
Bermuda,12.5,16.3,0.77,7,3,7,2,6,0
Bermuda,6.3,8.4,0.75,7,2,5,3,7,6
Bermuda,13.8,17.5,0.79,7,1,4,1,7,5
Bermuda,13.3,17.4,0.76,8,2,8,2,8,7
Bermuda,13.1,16.7,0.78,8,3,6,2,7,7
Bermuda,10.4,13.5,0.77,7,2,6,2,7,0
Bermuda,11.3,14.9,0.76,7,2,11,2,0,4
Bermuda,12.9,16.5,0.78,7,2,5,2,7,0
Congo,13.8,16.8,0.82,7,1,8,3,0,0
Congo,13.5,18.2,0.74,8,3,8,3,8,0
Congo,12.5,16.6,0.75,7,2,8,2,7,6
Congo,12.8,16.3,0.79,7,2,4,2,7,0
Congo,5.7,7.2,0.79,6,2,6,2,5,0
Congo,13,18,0.72,7,2,6,2,6,0
Congo,11,14.1,0.78,7,2,6,2,7,0
Congo,13.6,19.4,0.7,7,2,6,2,6,5
Congo,13.6,16.9,0.8,7,2,5,2,7,0
Congo,7.2,8.9,0.81,6,2,8,2,0,0
Congo,7.5,9.4,0.8,6,1,4,1,0,0
Congo,13.8,17.2,0.8,6,1,5,2,6,0
Congo,9.5,12.5,0.76,6,2,8,2,6,6
Congo,14.6,19.2,0.76,7,2,8,3,7,0
Congo,7.4,9,0.82,6,2,8,3,6,0
Congo,7,8.9,0.79,6,2,8,2,6,0
Congo,13.4,17.5,0.77,7,2,8,2,6,0
Congo,12.8,17.1,0.75,6,2,6,2,6,0
Congo,8.6,11,0.78,6,2,8,1,6,6
Congo,8.9,11.4,0.78,7,1,6,1,7,0
Belize,8.8,11.3,0.78,7,3,11,3,6,0
Belize,8.6,11.2,0.77,7,2,3,3,0,0
Belize,8.8,11.5,0.75,7,2,5,3,0,0
Belize,8,10,0.8,6,3,6,2,6,0
Belize,8,10.2,0.78,7,2,4,2,0,5
Belize,7.9,10.4,0.76,7,3,11,3,7,0
Belize,8.4,10.1,0.83,6,2,8,2,6,0
Belize,8.5,11.4,0.75,7,3,6,2,0,0
Belize,8.8,11.4,0.77,7,3,11,2,7,0
Belize,7.9,10.4,0.76,6,2,11,2,0,0
Belize,10.1,12.2,0.83,7,2,6,3,0,6
Belize,7.4,9.6,0.77,7,1,4,2,7,0
Belize,7.9,10.5,0.75,7,2,4,3,7,0
Belize,8.3,10.1,0.82,7,3,9,3,7,0
Belize,9,11.7,0.77,7,3,7,3,6,0
Belize,8.6,10.4,0.83,7,2,5,3,6,7
Belize,10.3,12.4,0.83,7,2,8,2,7,0
Belize,8.7,10.9,0.8,7,2,6,3,7,0
Belize,7.9,10,0.79,7,2,4,2,7,0
Belize,7.6,9.3,0.82,7,4,11,3,7,0
Jamaica,10.8,13.9,0.78,7,3,8,4,7,0
Jamaica,10.6,14.1,0.75,7,3,10,4,0,0
Jamaica,11.2,14.1,0.79,7,2,3,3,0,0
Jamaica,10.5,14.4,0.73,6,2,7,4,6,0
Jamaica,11.2,14.5,0.77,6,2,6,3,6,0
Jamaica,11,13.8,0.8,6,2,6,3,5,0
Jamaica,9.7,13.1,0.74,6,2,9,3,7,0
Jamaica,11.7,15.6,0.75,7,1,7,3,5,0
Jamaica,10,12.3,0.81,6,1,5,2,0,0
Jamaica,10.4,12.4,0.84,6,2,5,3,0,5
Jamaica,9,11.4,0.79,6,2,9,3,5,0
Jamaica,10.5,12.4,0.85,5,1,10,2,4,5
Jamaica,11.4,14.8,0.77,6,2,4,3,0,5
Jamaica,9.8,12.2,0.8,6,3,5,3,6,5
Jamaica,7.2,9.6,0.75,6,1,4,3,0,5
Jamaica,10,12.9,0.78,6,2,5,3,6,5
Jamaica,11.1,14.5,0.77,6,2,4,4,6,5
Jamaica,10.6,14,0.76,6,1,4,2,0,6
Jamaica,11.9,14.4,0.83,7,2,11,3,7,0
Jamaica,9.5,11.8,0.81,6,2,8,3,0,6
Jamaica,10.2,13.1,0.78,6,2,8,3,6,0
Jamaica,10,12,0.83,7,2,8,5,7,0
Jamaica,10.3,12.4,0.83,6,1,6,3,0,0
Jamaica,9.9,11.8,0.84,6,2,6,3,0,6
Jamaica,10.2,12.1,0.84,7,2,8,3,7,5
Jamaica,10.8,13.1,0.82,6,2,8,3,5,0
Jamaica,6.6,8.3,0.8,6,2,8,3,0,4
Jamaica,11.3,14.3,0.79,5,2,8,2,0,0
Jamaica,10.3,12.8,0.8,6,2,4,3,6,0
Jamaica,10.7,12.9,0.83,6,2,9,2,0,6
Jamaica,10.5,12.9,0.81,6,2,7,4,0,6
Florida,12.3,16.2,0.76,8,4,8,6,0,0
Florida,13.8,17.8,0.78,9,4,8,5,0,0
Florida,11.8,15.5,0.76,7,4,5,2,7,0
Florida,13.1,17.4,0.75,8,4,12,5,0,0
Florida,11.9,15,0.79,7,5,8,5,0,0
Florida,12.6,17.8,0.71,6,2,6,3,0,6
Florida,13.2,17.1,0.77,7,4,8,6,0,0
Florida,13.3,17.5,0.76,8,3,7,4,8,0
Florida,12.2,16.4,0.74,8,3,8,4,8,0
Florida,14,18.3,0.77,9,4,7,3,0,0
Florida,13.1,18.1,0.72,9,4,6,3,8,9
Florida,12.4,16.1,0.77,8,4,5,3,0,0
Florida,13.3,17.1,0.78,9,4,3,3,9,0
Florida,12.5,15,0.83,9,4,5,3,9,0
Florida,12.5,15.5,0.81,9,5,10,2,0,9
Florida,11.8,14.8,0.8,10,4,5,3,0,0
Florida,12.5,16.2,0.77,9,5,5,4,9,9
Florida,11.9,15.2,0.78,8,4,7,3,0,8
Florida,12.9,16.5,0.78,7,3,7,3,7,7
Florida,11.4,15.5,0.74,8,2,2,1,0,8
Florida,11.7,16.4,0.71,8,4,5,2,8,7
Florida,11.7,16.3,0.72,8,3,3,3,8,8
Florida,11.7,17.2,0.68,8,3,4,3,8,0
Florida,12.5,16,0.78,8,3,3,3,8,8
Florida,12.3,16.3,0.75,8,3,4,3,8,8
Florida,12.8,17.1,0.75,8,2,9,1,8,0
Florida,11.8,16.3,0.72,8,3,7,2,8,8
Florida,12.9,17.4,0.74,9,3,2,2,9,9
Florida,11.7,16.5,0.71,8,2,3,1,0,7
Florida,13.7,19.3,0.71,8,3,5,3,8,0
Florida,11.7,16.3,0.72,9,4,4,4,8,7
Florida,13.2,18,0.73,7,3,4,6,7,6
Florida,11.9,15.9,0.75,7,2,6,1,7,6
Florida,10.8,14.8,0.73,8,3,5,2,8,0
Florida,11.7,16.1,0.73,8,3,4,2,7,6
Florida,12.6,17.6,0.72,8,3,4,4,6,0
Florida,11.8,16.6,0.71,7,2,2,2,6,5
Florida,11.9,16.8,0.71,7,2,2,2,6,7
Florida,11.9,16,0.74,7,2,6,2,6,0
Florida,11.4,16,0.71,8,2,5,2,6,0
Florida,12.3,17.4,0.71,9,3,6,3,0,8
Florida,7.1,10.3,0.69,7,1,4,1,6,7
Florida,11.6,16.1,0.72,8,4,4,3,8,0
Florida,12.4,16.8,0.74,8,3,3,2,8,7
Florida,12.5,16.9,0.74,8,3,4,2,8,4
Florida,11.9,15.7,0.76,8,3,5,3,7,0
Florida,12.4,17.5,0.71,8,3,3,2,7,6
Florida,11.7,16,0.73,8,3,6,2,8,0
Florida,12.5,17.2,0.73,8,3,6,2,0,6
Florida,11.9,15.9,0.75,8,3,6,2,7,8
Florida,12.6,18.2,0.69,7,2,4,2,7,7
Florida,11.3,15,0.75,8,2,5,2,7,6
Florida,11.5,16,0.72,8,3,3,3,8,6
Florida,12.1,17.4,0.7,8,2,3,2,8,6
Florida,12,17.1,0.7,8,3,2,3,7,0
Florida,6.7,9.4,0.71,8,2,3,2,6,5
Florida,11.6,15.9,0.73,8,3,4,2,7,7
Florida,12.2,16.8,0.73,8,2,7,2,7,8
Florida,6.8,9.5,0.72,8,2,4,2,7,7
Florida,8,10.8,0.74,7,1,4,1,7,5
Florida,11.5,16.6,0.69,9,3,4,2,8,5
Florida,6.3,9,0.7,8,3,6,2,6,6
Florida,6.7,9.5,0.71,8,2,2,1,7,7
Florida,12,16.9,0.71,8,2,3,3,8,0
Florida,6.6,9.8,0.67,8,1,2,1,6,7
Florida,11.7,16.5,0.71,8,3,3,3,7,6
Florida,12.2,16.2,0.75,7,2,7,2,0,6
Congo,13.5,16.5,0.82,6,2,6,2,0,0
Congo,12.5,16.3,0.77,6,2,9,2,6,6
Congo,11.8,14.6,0.81,6,2,7,3,6,0
Congo,12,15.3,0.78,7,3,6,2,7,7
Congo,14.6,18.2,0.8,8,4,8,3,0,8
Congo,11.5,14.5,0.79,7,3,6,3,7,6
Congo,12,14.3,0.84,6,1,8,1,6,6
Congo,9.4,12.6,0.75,7,1,5,1,7,0
Congo,12.8,16.4,0.78,7,1,5,2,0,0
Congo,11.4,14.3,0.8,6,2,9,2,6,0
Congo,13,15.3,0.85,6,2,8,2,5,6
Congo,6.5,7.7,0.84,5,2,8,4,0,0
Gabon,10.9,13.9,0.78,6,2,9,3,5,0
Gabon,13.9,17.8,0.78,6,2,6,3,6,0
Gabon,9.5,12,0.79,6,1,5,1,5,0
Gabon,11.2,13.5,0.83,6,2,8,3,6,0
Belize,6.7,8.9,0.75,6,1,7,1,0,6
Belize,8.7,11.3,0.77,7,2,3,2,7,0
Belize,7.7,10.3,0.75,7,2,3,2,7,5
Belize,8,11,0.73,7,2,7,2,6,0
Belize,9.5,12,0.79,7,2,2,2,6,0
Belize,8.1,11.1,0.73,7,2,6,2,7,0
Belize,7.7,10.5,0.73,7,2,3,1,7,6
Belize,8,10,0.8,7,3,7,2,0,7
Belize,7.7,10.4,0.74,8,3,3,3,8,0
Belize,7.6,10.2,0.75,7,2,4,2,7,5
Belize,8.1,10.4,0.78,7,2,2,2,6,0
Belize,6.8,9.5,0.72,6,1,2,1,5,5
Belize,7.3,9.6,0.76,7,1,2,1,7,0
Belize,8.6,11,0.78,7,2,2,2,7,0
Belize,7.7,10,0.77,7,2,2,2,7,7
Belize,7.6,9.7,0.78,7,2,3,1,7,0
Belize,8.5,11.2,0.76,7,2,6,2,6,0
Belize,9.4,11.7,0.8,7,1,3,1,6,7
Belize,7.8,10.4,0.75,8,3,7,3,8,7
Belize,8,10.5,0.76,7,2,2,1,7,0
Belize,7.6,10.4,0.73,7,1,3,1,6,0
Belize,7.3,9.7,0.75,7,2,2,1,6,0
Belize,7,9.4,0.74,8,2,2,2,0,6
Belize,6.3,9.3,0.68,7,2,2,1,6,4
Belize,8.1,10.4,0.78,7,3,5,3,7,0
Belize,7,9.9,0.71,6,1,3,1,6,0
Belize,8,10.3,0.78,6,2,5,2,6,0
Belize,8.4,11,0.76,7,1,5,1,6,0
Belize,7.5,9.5,0.79,7,3,7,1,7,0
Belize,8.8,11,0.8,7,3,5,2,6,0
Belize,8.3,10.7,0.78,6,1,3,1,5,4
Belize,8.3,10.6,0.78,7,2,4,1,6,0
Belize,8.4,10.8,0.78,7,2,3,2,6,0
Belize,8.4,11.1,0.76,7,2,3,1,0,0
Belize,8.1,9.9,0.82,7,2,3,2,7,6
Belize,7.6,9.9,0.77,7,3,3,3,7,0
Belize,8,10.2,0.78,8,3,3,3,8,0
Belize,8.1,10.9,0.74,7,2,2,2,7,5
Belize,8.6,11.4,0.75,7,2,2,2,7,5
Belize,7.9,10.4,0.76,7,2,4,1,7,7
Belize,8.6,11.6,0.74,7,1,2,1,6,4
Belize,8.1,10.5,0.77,7,2,2,2,6,0
Belize,7.9,10.5,0.75,7,3,8,3,7,6
Belize,8.6,10.9,0.79,7,3,5,2,0,0
Belize,9.4,11.9,0.79,7,2,4,2,7,7
Belize,4.7,6,0.78,6,2,2,2,6,6
Belize,8,10.8,0.74,7,2,3,2,7,7
Belize,7.5,10.2,0.74,7,1,2,1,6,4
Belize,7.4,9.8,0.76,7,2,2,2,0,5
Belize,6.7,8.3,0.81,7,1,2,1,5,4
Belize,7,8.5,0.82,7,2,4,1,5,4
Belize,7.8,10,0.78,7,1,2,1,0,5
Belize,7.1,9.3,0.76,6,1,2,1,6,4
Belize,8.2,10.3,0.8,7,3,7,2,6,5
Belize,7.6,10.4,0.73,7,1,3,1,6,4
Belize,8.5,11.3,0.75,8,2,2,2,0,8
Belize,7.7,10.1,0.76,7,3,4,3,0,0
Belize,7.8,9.9,0.79,7,3,2,2,7,0
Belize,5.4,7.9,0.68,7,2,2,2,6,5
Belize,7.9,10.3,0.77,7,2,3,1,7,5
Belize,7.3,9.6,0.76,8,2,2,2,7,6
Belize,8.1,10.8,0.75,7,2,7,2,6,5
Belize,8.1,10.3,0.79,5,1,7,1,5,5
Belize,8.7,11.4,0.76,6,1,2,1,6,3
Belize,6.4,8.7,0.74,7,1,2,1,7,7
Belize,7.6,10.2,0.75,7,3,8,2,7,6
Belize,3.8,5.2,0.73,6,2,4,2,5,6
Belize,7.8,10.2,0.76,8,3,3,2,7,6
Belize,4,5.4,0.74,6,2,3,2,6,5
Belize,8.3,10.8,0.77,7,2,6,2,7,6
Belize,5.2,6.7,0.78,7,1,2,1,6,7
Belize,7.7,9.9,0.78,7,1,2,2,7,7
Belize,5.1,7.2,0.71,7,2,2,2,0,0
Belize,4.3,5.9,0.73,6,1,3,2,6,5
Belize,6.4,8.5,0.75,7,2,3,2,7,6
Belize,6.9,9.3,0.74,7,1,2,2,7,6
Belize,5.1,7.1,0.72,7,2,4,1,6,5
Belize,7.3,10.2,0.72,7,1,3,1,7,5
Belize,8.8,11.6,0.76,7,2,6,1,7,4
Belize,9.6,12.6,0.76,7,2,2,1,6,5
Belize,8.4,11.2,0.75,6,1,5,1,6,2
Belize,8.6,11.1,0.77,7,2,4,1,7,7
Belize,8.7,11.4,0.76,8,3,2,3,7,6
Belize,7.4,9.7,0.76,6,1,2,1,6,3
Belize,6.6,8.7,0.76,7,2,2,2,7,5
Belize,9.3,12.4,0.75,7,2,3,3,6,5
Belize,8.8,11.1,0.79,7,3,7,1,7,5
Belize,7.1,9.5,0.75,6,1,4,1,6,4
Belize,5.1,6.7,0.76,7,2,2,2,7,3
Belize,5.2,7.2,0.72,6,2,5,1,7,4
Belize,9.3,12.9,0.72,8,2,2,1,6,0
Belize,8.2,10.8,0.76,8,2,2,2,8,5
Belize,9.7,12,0.81,6,1,6,1,6,6
Belize,7.4,10.1,0.73,7,1,2,1,7,3
Belize,7,9.6,0.73,7,2,4,2,6,5
Belize,8.5,11,0.77,7,2,4,2,7,5
Belize,6.4,8.5,0.75,7,2,3,1,7,6
Belize,7.4,10,0.74,7,1,2,1,7,5
Belize,6.8,8.8,0.77,7,1,2,1,7,6
Belize,7.4,9.4,0.79,7,2,2,2,7,5
Belize,8,10.9,0.73,8,1,3,2,8,5
Belize,7.8,10.1,0.77,7,1,2,1,7,4
Belize,7.9,10.5,0.75,7,2,4,2,7,4
Belize,9.3,12.2,0.76,8,2,2,1,7,6
Belize,8.4,11.1,0.76,7,2,2,2,7,4
Belize,5.9,7.8,0.76,6,1,4,1,6,4
Belize,7.7,10.8,0.71,7,1,3,1,7,4
Belize,8.7,11.6,0.75,8,3,4,3,7,5
Belize,8.9,11.8,0.75,7,2,4,2,0,4
Belize,9.1,11.3,0.81,7,2,3,2,6,6
Belize,8.4,11.5,0.73,7,1,2,1,7,5
Belize,8.3,11,0.75,7,2,2,2,7,7
Belize,9.9,12.1,0.82,7,2,3,1,7,6
Belize,8.7,11.7,0.74,7,2,2,1,7,6
Belize,9.1,12,0.76,7,2,2,3,7,5
Belize,8.3,10.8,0.77,7,2,2,1,7,5
Belize,7.4,9.9,0.75,7,3,3,1,7,5
Belize,7.8,10.3,0.76,7,2,4,2,7,0
Belize,8.4,10.7,0.79,7,1,2,1,6,5
Belize,8.5,11.3,0.75,7,2,4,1,7,5
Belize,8.8,11,0.8,7,3,6,1,0,7
Belize,8.9,11.6,0.77,7,2,3,1,7,6
Belize,7.5,10.1,0.74,7,2,2,1,7,6
Belize,8.2,11.4,0.72,7,2,2,2,6,5
Belize,8.3,11.4,0.73,7,2,4,1,6,6
Belize,8.8,11.5,0.77,7,2,5,2,6,5
Belize,9,11.6,0.78,7,2,2,1,7,6
Belize,9.3,11.6,0.8,7,2,2,1,7,6
Belize,9.7,12.8,0.76,8,2,2,2,7,6
Belize,9.5,13.1,0.73,7,1,2,1,6,5
Belize,9.3,12.5,0.74,7,2,4,1,7,5
Florida,10.2,13.6,0.75,8,3,2,2,7,6
Florida,7.3,10.3,0.71,8,3,3,1,8,7
Florida,9.5,13,0.73,8,3,2,3,8,0
Florida,8,10.8,0.74,8,1,3,1,7,6
Florida,6.9,9.5,0.73,7,3,4,1,6,6
Florida,6.9,9.4,0.73,8,3,3,2,7,7
Florida,10,14.2,0.7,8,3,4,1,7,6
Florida,7.3,9.9,0.74,8,4,4,1,7,5
Florida,10.7,15.1,0.71,7,2,5,1,7,6
Florida,7.6,10.1,0.75,8,2,2,1,7,6
Florida,7.3,9.7,0.75,7,2,4,1,7,6
Florida,9.5,12.7,0.75,8,2,2,1,8,0
Florida,6.4,8.6,0.74,8,1,4,1,7,7
Florida,7.7,10.7,0.72,8,4,4,1,7,6
Florida,5.8,7.9,0.73,7,2,3,1,6,5
Florida,6.3,8.5,0.74,7,1,2,1,6,7
Florida,7.2,9.7,0.74,8,1,2,1,6,4
Florida,6.1,7.8,0.78,8,1,2,1,7,7
Florida,5.9,8,0.74,7,3,3,1,7,5
Florida,6.9,8.7,0.79,8,1,4,1,7,6
Florida,8.2,10.2,0.8,8,3,4,2,6,8
Florida,6.8,9.3,0.73,7,3,6,1,7,6
Florida,9.8,13,0.75,8,3,5,1,7,0
Florida,6.9,9.4,0.73,8,1,3,1,7,8
Florida,6.9,9.3,0.74,8,2,3,1,8,6
Florida,6.8,9.5,0.72,8,1,3,1,7,8
Florida,6.3,9.4,0.67,8,4,5,1,7,5
Florida,8.9,11.8,0.75,8,4,4,2,8,0
Florida,8.2,11.5,0.71,8,3,5,2,7,5
Florida,6.6,9.5,0.69,8,2,2,1,7,7
Florida,7.1,9.8,0.72,7,1,3,1,7,4
Florida,9.8,15,0.65,8,3,4,3,6,6
Florida,5.8,8.1,0.72,7,2,3,1,7,6
Florida,6.2,8.3,0.75,8,2,4,1,8,7
Florida,9.6,13,0.74,8,3,2,2,6,5
Florida,4.2,6,0.7,7,2,3,1,7,7
Florida,8.8,12,0.73,8,1,2,1,7,6
Florida,5.8,9,0.64,8,3,4,3,7,7
Florida,11.1,14.9,0.74,8,4,5,2,7,5
Florida,5.9,7.7,0.77,8,1,3,1,7,5
Florida,11.2,15,0.75,8,3,2,2,8,6
Florida,5.6,7.7,0.73,7,1,2,1,7,0
Florida,10.5,13.9,0.76,8,3,3,1,8,8
Florida,7.2,9.7,0.74,8,3,3,1,8,8
Florida,5.6,7.7,0.73,7,3,2,1,7,6
Florida,5.8,7.7,0.75,8,3,4,1,7,8
Florida,6.2,8.3,0.75,8,3,3,2,8,7
Florida,10.7,14.2,0.75,8,3,4,1,7,6
Florida,11.1,15.3,0.73,8,1,2,1,7,6
Florida,9.6,12.8,0.75,7,1,4,2,7,6
Florida,10.1,13.4,0.75,8,3,2,1,8,0
Florida,5.4,7.4,0.73,8,3,4,1,7,7
Florida,10.9,15,0.73,8,3,4,3,7,6
Florida,9.2,12.9,0.71,9,3,2,1,9,0
Florida,9.7,13.1,0.74,8,3,3,2,8,5
Florida,6.2,8.5,0.73,8,2,2,1,7,6
Florida,4,5.5,0.73,7,2,3,1,7,7
Florida,10,13.3,0.75,7,2,5,1,6,0
Florida,9.8,13.7,0.72,8,3,2,2,8,8
Florida,9.3,12.4,0.75,8,3,6,3,6,5
Florida,7.2,9.4,0.77,6,1,2,1,7,0
Florida,6.5,8.9,0.73,8,2,3,1,7,8
Florida,6.6,8.7,0.76,8,2,3,2,6,6
Florida,6,8.5,0.71,7,2,3,1,6,6
Florida,6.2,8.8,0.7,8,3,6,1,7,6
Florida,4.2,5.3,0.79,7,4,3,1,7,6
Florida,5.4,7.5,0.72,8,3,4,2,7,7
Florida,5.4,7.5,0.72,7,2,6,1,6,5
Florida,4.4,6.2,0.71,7,3,3,2,7,7
Florida,5.4,7.5,0.72,7,3,5,2,6,0
Florida,5.8,8.5,0.68,8,2,4,1,7,6
Florida,5.2,7.2,0.72,8,2,4,2,6,7
Florida,5.7,7.4,0.77,7,3,4,2,7,0
Florida,6.3,8.3,0.76,7,1,4,1,0,5
Florida,5.6,7.8,0.72,7,3,3,3,6,6
Florida,3.9,5.5,0.71,7,2,4,1,7,6
Florida,6.7,9.7,0.69,8,2,2,2,6,4
Florida,9.5,13.2,0.72,7,3,5,2,7,5
Florida,5.1,7.2,0.71,7,1,4,1,6,5
Florida,8.1,11.7,0.69,8,3,4,1,6,6
Florida,9.8,13.5,0.73,9,4,4,3,9,9
Florida,5.6,7.9,0.71,8,2,3,1,8,7
Florida,10.3,14.7,0.7,8,2,5,1,7,6
Florida,10.5,14.9,0.7,8,3,4,2,7,8
Florida,9.4,12.6,0.75,8,3,3,2,8,5
Florida,11.4,15.2,0.75,8,4,4,1,8,6
Florida,10.8,15.2,0.71,8,2,5,1,6,5
Florida,6.1,8.5,0.72,7,2,5,1,6,6
Florida,9,12.3,0.73,8,2,4,1,7,7
Florida,9.7,13.3,0.73,7,2,3,1,7,7
Florida,10.1,13.6,0.74,8,3,5,3,7,4
Florida,8.4,11.2,0.75,8,3,7,1,7,5
Florida,9.3,13.1,0.71,8,3,4,2,7,8
Florida,10.2,13.5,0.76,8,2,2,2,7,6
Florida,8.9,11.9,0.75,9,2,3,1,7,6
Florida,9.8,13.3,0.74,8,3,3,3,7,6
Florida,9,12.5,0.72,8,2,5,1,7,6
Florida,10.5,14.4,0.73,8,2,2,1,7,4
Florida,6.6,9.3,0.71,8,3,3,2,7,6
Florida,7.4,10.7,0.69,8,2,3,1,6,6
Florida,6.6,9.4,0.7,8,1,3,1,7,7
Florida,6.3,8.7,0.72,7,3,3,2,0,7
Florida,7.1,9.6,0.74,8,2,3,1,7,6
Florida,6.4,8.9,0.72,8,3,4,1,7,8
Florida,6.6,9.3,0.71,8,1,2,1,7,5
Florida,6.3,8.9,0.71,8,1,3,1,6,5
Florida,10,13,0.77,8,3,2,3,7,7
Florida,6.5,9,0.72,8,2,2,1,6,5
Florida,6,8,0.75,8,2,2,1,7,8
Florida,5.7,7.6,0.75,7,2,3,1,6,5
Florida,6.9,9.1,0.76,8,3,4,1,6,5
Florida,12.5,17.4,0.72,9,3,2,2,7,6
Florida,8.1,11.5,0.7,8,3,3,2,8,3
Florida,7.2,9.5,0.76,8,2,4,2,7,8
Florida,7.2,9.7,0.74,8,3,4,1,6,5
Florida,7.8,10.3,0.76,8,2,2,1,8,5
Florida,3.6,4.8,0.75,6,1,2,1,6,0
Florida,7.3,10.1,0.72,8,2,3,2,7,5
Florida,7.3,9.6,0.76,7,1,2,1,6,4
Florida,6.6,9.6,0.69,8,2,2,2,6,6
Florida,6.5,9.1,0.71,7,2,5,1,6,4
Florida,4.5,6.1,0.74,7,2,4,1,7,7
Florida,6.8,9.1,0.75,8,3,3,1,8,6
Florida,6.2,8,0.78,7,2,4,1,6,5
Florida,5.5,8,0.69,7,1,3,1,5,5
Florida,8.1,10.5,0.77,8,2,4,1,7,5
Florida,10,13.7,0.73,8,2,3,2,7,7
Florida,6.1,7.8,0.78,7,1,2,1,6,0
Florida,7.3,9.6,0.76,8,1,3,1,7,5
Florida,7.3,9.8,0.74,7,3,4,1,6,5
Florida,5.9,8.4,0.7,7,1,2,1,6,5
Florida,7.8,10.5,0.74,7,2,4,1,6,5
Florida,7.1,9.4,0.76,8,2,3,1,7,5
Florida,6.8,8.8,0.77,7,2,3,2,7,7
Florida,6.6,9,0.73,8,2,3,1,6,5
Florida,5.4,7.5,0.72,8,2,2,1,7,5
Florida,3.5,4.3,0.81,7,2,2,1,7,6
Florida,8.6,11.3,0.76,7,1,3,1,5,6
Florida,4.7,6.6,0.71,7,2,2,1,6,5
Florida,4.3,6.2,0.69,8,2,2,1,7,6
Florida,4.2,5.3,0.79,7,1,3,1,7,6
Florida,2.7,3.3,0.82,6,3,3,1,0,0
Florida,12,16.3,0.74,8,3,5,1,7,8
Florida,8.5,11.2,0.76,8,3,3,2,6,5
Florida,9.3,12.4,0.75,7,2,4,1,6,6
Florida,8.2,12.1,0.68,8,1,3,1,6,6
Florida,7.7,10.4,0.74,8,1,2,1,7,6
Florida,11.7,16.4,0.71,9,3,2,3,8,7
Florida,10.3,14.6,0.71,8,3,2,1,6,5
Florida,10.9,14.3,0.76,8,3,4,2,8,8
Florida,8.9,15.8,0.56,9,1,2,1,8,5
Florida,6.9,9.9,0.7,8,1,4,1,6,5
Florida,7.5,10.3,0.73,8,1,2,1,7,5
Florida,10,13.4,0.75,8,1,2,1,6,5
Florida,9.1,12,0.76,9,5,4,2,8,0
Florida,8.3,10.7,0.78,8,1,2,1,7,7
Florida,7.2,9.2,0.78,8,2,4,1,7,6
Florida,7.7,10.2,0.75,7,2,5,1,6,5
Florida,6.9,9.5,0.73,8,3,2,2,7,6
Florida,9.5,12.5,0.76,9,3,2,1,8,6
Florida,9.2,12,0.77,8,3,6,1,7,6
Florida,9.5,12.7,0.75,8,3,2,3,8,5
Florida,6.7,9.3,0.72,8,1,5,1,7,6
Florida,7.5,9.8,0.77,7,3,3,3,6,4
Florida,6.9,8.9,0.78,7,1,3,1,6,5
Florida,11.2,14.7,0.76,9,3,2,1,8,8
Florida,13.2,18.8,0.7,9,1,3,1,8,0
Florida,3.2,5.4,0.59,6,3,3,1,6,5
Florida,9.2,12,0.77,8,3,3,3,7,0
Florida,8.4,11.2,0.75,7,2,3,2,6,0
Florida,8,10.5,0.76,8,3,3,1,7,8
Florida,8.6,11.8,0.73,8,3,4,2,8,0
Florida,7,9.1,0.77,7,2,2,2,5,7
Florida,5.7,7.5,0.76,6,2,3,1,6,6
Florida,6.7,9.1,0.74,7,2,3,1,6,6
Florida,7.4,9.8,0.76,6,2,5,1,6,0
Florida,7.6,11,0.69,7,3,8,2,7,0
Florida,8.9,11.4,0.78,8,3,4,2,8,8
Florida,7.2,10,0.72,8,3,3,2,7,7
Florida,7.5,10,0.75,7,3,8,2,6,7
Florida,6.4,9,0.71,7,3,5,2,7,7
Florida,7.9,10.7,0.74,7,2,4,2,6,6
Florida,9.1,12.6,0.72,7,3,5,2,6,0
Florida,6.9,8.7,0.79,7,4,5,2,7,0
Florida,7.3,9.5,0.77,7,3,6,2,7,7
Florida,7.7,10,0.77,7,3,3,3,7,0
Florida,8.5,11.2,0.76,8,4,5,1,7,0
Florida,9.5,12.4,0.77,7,2,4,1,6,0
Florida,4.5,6.9,0.65,7,3,4,2,7,7
Florida,7.6,9.8,0.78,0,0,0,0,0,0
Florida,8.3,11.2,0.74,7,2,5,1,6,0
Florida,8.2,11.3,0.73,8,4,8,1,8,0
Florida,9.2,12.3,0.75,8,3,4,2,7,8
Florida,7.4,9.9,0.75,7,3,7,2,6,5
Florida,7.9,11.2,0.71,7,2,4,2,6,0
Florida,8.7,11.9,0.73,7,3,9,2,7,7
Florida,8.4,11.6,0.72,8,3,5,3,8,6
Florida,8.6,11.6,0.74,8,3,5,4,8,0
Florida,7.4,10.2,0.73,7,2,4,2,6,0
Florida,6.5,9,0.72,8,4,4,2,8,0
Florida,7,9.4,0.74,8,2,2,2,8,0
Florida,6.5,8.9,0.73,8,3,1,2,8,0
Florida,6.6,8.5,0.78,8,4,4,1,7,6
Florida,6.7,8.9,0.75,7,3,6,2,6,5
Florida,6.2,8.2,0.76,7,3,3,2,7,0
Florida,5.3,7.1,0.75,7,3,3,2,0,0
Florida,5.2,6.6,0.79,6,3,4,3,5,4
Florida,5,6.4,0.78,7,2,3,1,6,5
Florida,5,6.6,0.76,7,3,4,1,7,6
Florida,6.3,8.5,0.74,8,4,4,3,7,0
Florida,6.9,9.2,0.75,7,3,4,2,7,6
Florida,5.7,7.3,0.78,7,4,4,2,7,0
Florida,6.2,8.2,0.76,7,3,2,2,7,0
Florida,8.1,10.7,0.76,7,4,4,2,7,0
Florida,6.8,9.2,0.74,8,4,4,3,7,0
Florida,6.6,8.6,0.77,8,3,4,2,8,0
Florida,6,7.6,0.79,7,3,4,2,7,0
Florida,5.7,7.5,0.76,7,4,3,2,7,0
Florida,6,8.4,0.71,7,3,3,3,7,7
Florida,5.8,8.1,0.72,7,3,4,2,7,7
Florida,6.4,8.4,0.76,7,2,2,1,7,0
Florida,6.8,8.7,0.78,7,3,2,2,6,6
Florida,5.9,8.1,0.73,7,3,4,3,6,0
Florida,5.9,7.9,0.75,7,2,2,1,7,0
Florida,6.7,9,0.74,7,3,3,2,7,0
Florida,7.2,9.5,0.76,8,3,3,1,6,5
Florida,6.5,9.2,0.71,7,3,5,3,6,0
Florida,6.8,9.3,0.73,7,3,4,1,6,0
Florida,6.3,8.6,0.73,7,3,5,1,6,0
Florida,7.2,9.5,0.76,7,3,5,2,6,0
Florida,6.4,8.2,0.78,7,4,3,2,7,7
Florida,7.5,10.2,0.74,7,3,4,2,6,7
Florida,7.9,10.5,0.75,7,3,4,3,6,0
Florida,6.5,8.8,0.74,8,3,4,1,8,7
Jamaica,5.8,8,0.73,7,3,4,2,7,4
Jamaica,6.6,8.4,0.79,7,3,6,1,6,7
Jamaica,6.5,8.4,0.77,7,2,4,1,7,7
Jamaica,7.2,9.4,0.77,7,2,4,1,6,5
Jamaica,7.5,10,0.75,7,3,4,1,6,0
Jamaica,7,9.5,0.74,8,2,2,1,8,0
Jamaica,8.6,11.4,0.75,8,2,4,3,8,8
Jamaica,8.3,11,0.75,8,2,3,2,7,7
Jamaica,7.8,10.4,0.75,8,3,4,1,7,6
Jamaica,7.7,10.4,0.74,8,3,6,2,6,5
Jamaica,8.8,11,0.8,8,2,2,2,7,7
Jamaica,7.1,9.5,0.75,8,3,4,1,6,4
Jamaica,6.9,8.7,0.79,7,2,3,1,6,5
Jamaica,6.6,8.9,0.74,7,4,6,1,6,5
Jamaica,7.5,10.4,0.72,8,3,6,2,7,7
Jamaica,7.7,10.1,0.76,8,4,4,2,7,6
Jamaica,7.1,9.2,0.77,8,2,3,1,6,4
Jamaica,7.3,9.9,0.74,7,3,4,2,7,6
Jamaica,9.1,11.7,0.78,7,3,4,2,7,0
Jamaica,8.7,11.3,0.77,8,2,3,1,7,7
Jamaica,8.5,11.5,0.74,7,3,4,1,7,5
Jamaica,9.2,12.4,0.74,7,4,5,1,7,7
Jamaica,7.4,10,0.74,7,1,4,1,6,5
Jamaica,9,11.9,0.76,6,2,5,1,6,4
Jamaica,9,12.3,0.73,8,3,2,2,8,8
Jamaica,8.7,11.9,0.73,7,3,2,2,7,6
Jamaica,8.4,11.2,0.75,8,3,1,1,7,5
Jamaica,7.7,10.2,0.75,8,2,3,1,7,7
Jamaica,8.1,10.8,0.75,7,3,5,2,6,5
Jamaica,8.5,11.3,0.75,7,3,5,1,6,6
Jamaica,7.4,10.1,0.73,7,2,2,2,7,6
Jamaica,8,10.3,0.78,8,4,5,1,7,7
Jamaica,8.5,11.4,0.75,8,3,4,1,8,6
Jamaica,9.8,12.9,0.76,7,3,4,1,0,0
Jamaica,7.7,10.6,0.73,7,3,6,1,7,5
Jamaica,7.3,10.2,0.72,7,2,2,1,7,7
Jamaica,8.3,11,0.75,7,3,3,2,7,7
Jamaica,8.5,11.4,0.75,7,3,3,2,7,0
Jamaica,8.1,10.7,0.76,8,3,2,1,8,7
Jamaica,7.5,10.8,0.69,7,3,4,1,7,6
Jamaica,8.1,10.7,0.76,7,2,2,1,7,5
Jamaica,8.5,11.1,0.77,7,3,5,1,6,5
Jamaica,8.9,12,0.74,6,1,7,1,6,5
Jamaica,9.3,12,0.78,7,3,6,2,7,5
Jamaica,8.8,12,0.73,7,2,3,1,6,6
Jamaica,7.3,9.6,0.76,7,2,1,1,6,5
Jamaica,7.6,10.4,0.73,7,3,3,1,7,6
Jamaica,9.3,12,0.78,7,3,4,3,7,6
Jamaica,8.8,12.1,0.73,7,3,4,3,7,6
Jamaica,8.3,11.7,0.71,7,3,4,1,7,5
Jamaica,7.2,9.9,0.73,8,2,2,1,7,4
Jamaica,8,10.8,0.74,7,2,3,1,7,5
Jamaica,8.5,11.8,0.72,7,2,3,2,6,0
Jamaica,7.8,10.5,0.74,8,3,3,2,7,5
Jamaica,7,9.8,0.71,7,3,3,1,6,0
Jamaica,7.8,10.6,0.74,7,3,9,2,6,5
Jamaica,8.9,12.3,0.72,7,2,2,2,7,0
Jamaica,7.9,10.4,0.76,7,3,4,1,7,5
Jamaica,8.5,11.1,0.77,7,4,3,1,7,6
Jamaica,7.9,10.7,0.74,7,3,5,2,6,5
Jamaica,7,10.1,0.69,8,2,3,1,8,7
Jamaica,8.1,10.8,0.75,8,4,4,1,8,8
Jamaica,8.7,11.5,0.76,7,3,3,1,7,0
Jamaica,8,10.4,0.77,8,2,2,1,8,7
Jamaica,7.3,9.5,0.77,7,2,4,1,6,7
Jamaica,8.2,11.1,0.74,8,3,4,1,8,6
Jamaica,7.9,10.5,0.75,7,2,2,1,6,7
Jamaica,8.2,10.9,0.75,6,3,5,2,6,5
Jamaica,7.5,9.6,0.78,6,2,4,1,6,4
Jamaica,5.9,8,0.74,7,2,4,1,6,7
Jamaica,5.2,7.6,0.68,7,1,3,1,6,5
Jamaica,5.8,7.7,0.75,7,2,3,1,6,5
Jamaica,7,9.1,0.77,7,3,4,1,6,5
Jamaica,5.5,7.6,0.72,6,1,3,1,6,4
Jamaica,4.3,6.3,0.68,6,3,4,1,6,6
Jamaica,5.3,7.1,0.75,7,3,3,1,0,0
Jamaica,5.1,6.2,0.82,7,3,4,1,7,0
Jamaica,5.8,8.1,0.72,7,2,5,2,6,7
Jamaica,5.8,8.2,0.71,7,2,4,1,7,0
Jamaica,7.6,10,0.76,6,2,4,1,6,4
Jamaica,7.2,9.7,0.74,7,2,4,1,6,5
Jamaica,7,9,0.78,7,2,5,1,5,4
Jamaica,7.9,10.6,0.75,8,3,3,2,8,8
Jamaica,7.8,11.3,0.69,8,2,3,1,6,5
Nigeria,12.8,16,0.8,8,3,7,3,8,0
Nigeria,10.5,13.4,0.78,7,3,5,3,7,7
Nigeria,8.2,11.5,0.71,7,3,5,1,7,7
Nigeria,8.2,10.5,0.78,7,3,6,1,7,0
Senegal,12.2,17,0.72,7,3,8,3,7,7
Senegal,10,13.8,0.72,7,2,3,2,6,0
Senegal,10.4,14.2,0.73,7,2,4,1,7,6
Senegal,11.1,14,0.79,7,3,6,3,7,0
Liberia,12,16,0.75,7,3,8,2,6,0
Liberia,12.2,16.5,0.74,7,3,3,2,7,0
Liberia,10.7,14.5,0.74,7,2,3,1,7,7
Sleone,8.7,11.3,0.77,7,3,4,1,7,0
Sleone,7.5,10.3,0.73,6,2,7,1,6,0
Senegal,11.9,16.7,0.71,7,2,3,3,6,0
Senegal,13.2,17.8,0.74,7,4,3,4,7,0
Senegal,11.9,15.4,0.77,7,3,3,3,7,0
Senegal,11.2,14.2,0.79,7,2,4,1,7,7
Senegal,13.4,16.7,0.8,7,3,4,4,7,0
Senegal,11.4,16,0.71,6,2,4,3,6,0
Congo,11.3,14.1,0.8,7,2,1,3,7,0
Congo,10.4,13.5,0.77,7,3,5,2,7,0
Congo,10,12.5,0.8,7,4,7,3,7,0
Congo,9.8,12.9,0.76,7,2,4,1,7,0
Ghana,10,13.8,0.72,5,1,4,1,5,5
Ghana,8.1,11.3,0.72,6,1,4,1,5,6
Ghana,9.7,13.1,0.74,6,2,2,2,6,6
Ghana,7.5,10.4,0.72,5,1,6,1,5,5
Angola,7.8,11.1,0.7,7,1,2,2,7,0
Angola,9.2,12.7,0.72,7,2,5,2,7,6
Angola,7.5,9.8,0.77,7,3,4,2,7,0
Angola,6.7,8.8,0.76,7,1,2,2,6,5
Angola,8.3,10.8,0.77,7,2,4,1,5,4
Angola,7.7,10.2,0.75,7,1,3,1,5,4
Angola,8.1,10.6,0.76,7,2,2,1,7,6
Angola,7.2,10.2,0.71,7,1,4,1,5,4
Angola,6.4,8.6,0.74,6,2,4,2,5,3
Angola,6,8.9,0.67,6,2,4,1,6,6
Angola,5.1,6.9,0.74,6,2,2,1,5,6
Congo,10.9,15.2,0.72,7,2,3,3,7,7
Congo,11.3,14.5,0.78,7,1,6,1,6,3
Congo,10.1,13.6,0.74,7,1,3,1,7,7
Congo,9.3,12.7,0.73,6,1,3,2,6,0
Congo,10.2,13.2,0.77,7,1,2,1,6,7
Congo,11.5,15.4,0.75,7,1,1,1,0,0
Congo,7.2,10.2,0.71,6,1,3,1,6,0
Congo,7.7,10.8,0.71,7,2,3,1,7,6
Congo,7.8,9.9,0.79,6,1,2,1,6,6
Congo,6.2,7.8,0.79,6,2,3,1,6,6
Congo,6.4,8,0.8,7,3,7,3,7,5
Sleone,6,8.2,0.73,6,4,8,4,6,0
Sleone,4.6,6.3,0.73,6,2,1,2,6,0
Sleone,6.3,8.1,0.78,6,3,6,2,6,0
Sleone,5,6.7,0.75,7,3,4,2,6,0
Sleone,4.7,6.2,0.76,6,3,4,3,6,0
Sleone,6,8.2,0.73,6,2,6,1,6,6
Sleone,5,7.1,0.7,7,3,3,2,7,6
Sleone,5,7.3,0.68,7,3,3,2,6,7
Sleone,3.6,4.3,0.84,6,3,3,2,6,6
Sleone,4.3,5.7,0.75,6,2,2,2,6,0
Sleone,4.9,7.2,0.68,7,3,3,1,7,0
Sleone,4.7,6.4,0.73,6,2,7,1,6,5
Sleone,4.4,5.8,0.76,6,3,7,2,6,6
Sleone,4.1,5.9,0.69,5,2,7,2,5,3
Sleone,4,5.1,0.78,6,3,6,1,6,5
Sleone,5,7,0.71,7,3,4,3,7,6
Sleone,5,6.8,0.74,6,3,6,2,6,6
Sleone,4.2,6.4,0.66,6,3,3,1,6,6
Sleone,3.9,5.7,0.68,6,3,3,1,6,0
Sleone,3.5,4.9,0.71,5,3,6,2,5,5
Sleone,4.3,6.1,0.7,7,2,3,2,7,7
Sleone,9.4,7.2,1.31,7,3,4,2,7,7
Sleone,4,5.9,0.68,6,3,5,1,6,0
Sleone,4.4,6.3,0.7,7,3,4,2,7,0
Sleone,4.1,5.5,0.75,6,3,5,2,6,0
Sleone,4.2,5.9,0.71,6,3,6,1,6,0
Sleone,4.3,5.7,0.75,6,3,5,2,6,6
Sleone,3.9,5.7,0.68,6,3,6,2,6,0
Sleone,4.3,6.2,0.69,6,2,3,2,6,6
Sleone,1.7,2.4,0.71,4,2,4,1,0,4
Sleone,5.2,7.5,0.69,6,3,7,2,5,5
Sleone,3.9,5.5,0.71,5,2,8,1,5,4
Sleone,3.1,4.2,0.74,5,2,6,1,5,0
Sleone,4.1,5.8,0.71,6,3,7,1,6,0
Sleone,3.7,5.4,0.69,5,3,6,2,5,0
Sleone,4.8,6.3,0.76,6,3,4,2,6,5
Sleone,3.9,5.2,0.75,6,3,5,1,6,6
Sleone,3.4,5.2,0.65,6,3,6,3,5,4
Sleone,3.2,4.9,0.65,5,3,6,2,5,0
Sleone,2.6,3.2,0.81,5,3,3,1,0,5
Sleone,5.2,6.7,0.78,7,3,4,1,6,6
Sleone,4.3,5.7,0.75,6,3,5,2,6,6
Sleone,5,7,0.71,7,2,3,2,6,7
Sleone,4.6,6.1,0.75,6,3,5,2,6,4
Sleone,3.5,5.2,0.67,6,3,4,3,6,4
Sleone,3.1,5.1,0.61,6,3,6,3,6,6
Sleone,4.7,6.5,0.72,6,3,5,2,6,6
Sleone,3.1,4.8,0.65,6,4,4,1,6,0
Sleone,1.5,2.4,0.63,4,2,9,2,0,4
Principe,4,5.3,0.75,6,2,4,1,6,0
Principe,4.1,5.4,0.76,5,2,7,1,0,0
Principe,4,4.6,0.87,6,2,3,3,0,5
Principe,3.2,4.2,0.76,5,2,5,2,5,5
Principe,2.4,3.7,0.65,5,2,4,1,0,0
Principe,4.4,4.9,0.9,6,2,3,1,6,0
Principe,5,6.3,0.79,6,2,4,2,6,0
Gabon,6.5,8.9,0.73,7,3,3,1,6,7
Gabon,11.6,15.1,0.77,7,1,5,1,6,0
Gabon,8,11.5,0.7,7,1,2,1,5,6
Gabon,6.7,9.3,0.72,7,1,3,1,5,5
Gabon,11.7,15.1,0.77,7,2,6,1,6,0
Gabon,9.3,12.8,0.73,6,1,7,2,6,0
Nigeria,5.1,7.4,0.69,6,2,3,1,6,6
Nigeria,4.8,7.2,0.67,6,2,4,2,5,6
Nigeria,6,8,0.75,7,2,3,2,7,7
Nigeria,5.1,7.5,0.68,6,1,4,1,6,0
Nigeria,5,6.5,0.77,6,3,5,2,0,0
Nigeria,6.1,8.1,0.75,6,2,4,2,6,6
Nigeria,6.6,7.9,0.84,7,2,4,2,7,0
Nigeria,4.6,6.6,0.7,6,2,3,1,0,6
Sleone,10.9,14.5,0.75,6,1,4,1,0,0
Sleone,8.3,11,0.75,7,3,5,2,7,0
Sleone,10.7,13.9,0.77,6,1,6,1,6,0
Sleone,4.6,6.2,0.74,6,1,3,1,6,4
Sleone,4.3,6.1,0.7,6,2,2,1,6,5
Sleone,5.3,7.2,0.74,7,2,5,1,6,6
Sleone,3.9,5.5,0.71,6,2,4,2,6,5
Sleone,3.7,5.4,0.69,6,3,5,1,6,5
Sleone,5,6.7,0.75,6,3,4,3,0,0
Sleone,4.6,6.3,0.73,6,2,4,1,6,5
Sleone,6,7.7,0.78,6,3,4,1,0,0
Sleone,4.2,5.8,0.72,6,2,3,1,6,0
Sleone,4,5.9,0.68,6,3,7,1,6,6
Sleone,4.5,6.5,0.69,7,2,5,1,7,5
Sleone,4.9,6.7,0.73,7,3,3,2,7,5
Sleone,4.1,5.6,0.73,6,3,6,1,0,6
Sleone,5.1,7.1,0.72,7,3,5,2,7,6
Sleone,4.1,5.5,0.75,6,3,5,2,6,6
Sleone,4.7,6.8,0.69,7,3,4,1,7,6
Sleone,4.6,6.6,0.7,6,3,8,1,0,0
Sleone,5.2,7.1,0.73,7,2,3,1,7,0
Sleone,4.8,6.4,0.75,6,3,4,1,0,0
Sleone,5.2,6.4,0.81,6,2,4,2,0,0
Sleone,4.6,5.9,0.78,6,3,6,2,6,0
Sleone,4.9,5.8,0.84,6,2,3,2,6,6
Sleone,4.3,5.8,0.74,5,2,3,3,5,0
Sleone,4.3,5.7,0.75,6,4,6,1,6,0
Sleone,4.3,5.7,0.75,6,3,6,2,6,5
Sleone,2.1,3.3,0.64,6,2,2,2,0,6
Sleone,5.1,7.1,0.72,7,3,4,2,6,7
Sleone,4.3,6.2,0.69,7,4,4,3,7,0
Sleone,5.2,7.1,0.73,6,3,6,1,6,0
Sleone,5.1,6.2,0.82,6,2,4,2,6,5
Sleone,4.4,6.2,0.71,7,3,7,2,6,6
Sleone,3.8,5.2,0.73,6,2,4,2,6,5
Sleone,4.8,6.4,0.75,7,2,3,2,7,0
Sleone,4.7,6.5,0.72,7,3,4,2,7,6
Sleone,4.2,5.7,0.74,6,3,6,2,6,0
Sleone,4.4,5.7,0.77,6,2,3,1,6,5
Sleone,4,5.9,0.68,6,2,4,1,6,6
Sleone,4.5,6.1,0.74,6,3,4,2,6,4
Sleone,4.3,6.3,0.68,7,3,5,2,7,6
Sleone,4.5,6.1,0.74,7,3,7,1,7,7
Sleone,4,5,0.8,6,3,6,2,6,6
Sleone,4.1,5.5,0.75,6,4,6,2,6,5
Sleone,3.3,4.9,0.67,6,3,5,1,6,6
Sleone,4.1,5.8,0.71,6,3,6,2,6,6
Sleone,3.8,5.7,0.67,6,3,7,2,6,5
Sleone,4.5,6,0.75,6,2,3,2,6,0
Sleone,4.5,6.2,0.73,6,3,5,2,6,0
Sleone,4.5,5.7,0.79,7,4,7,2,7,0
Sleone,4.4,5.4,0.81,6,3,6,2,6,5
Sleone,4.7,6.5,0.72,7,3,6,2,6,5
Sleone,3.5,5.7,0.61,6,3,4,2,6,5
Sleone,4.2,6.2,0.68,7,3,4,2,7,7
Sleone,4.2,5.7,0.74,6,3,5,2,6,4
Sleone,4.1,5.3,0.77,6,3,6,2,5,0
Sleone,3,4.6,0.65,5,2,4,1,5,0
Sleone,2.7,4.2,0.64,5,3,7,2,5,5
Sleone,4.8,6.4,0.75,6,3,6,2,5,6
Sleone,4.4,5.8,0.76,6,3,6,2,6,6
Sleone,4,5.7,0.7,6,3,5,2,6,6
Sleone,4,5.9,0.68,6,3,4,3,6,6
Sleone,3.8,5.4,0.7,6,2,2,2,6,5
Sleone,3.8,5.4,0.7,7,4,6,2,7,6
Sleone,4.1,5.7,0.72,6,3,8,2,6,5
Sleone,4.1,6,0.68,7,4,5,2,6,7
Sleone,4.1,5.3,0.77,6,3,6,2,6,5
Sleone,3.2,4.4,0.73,6,3,4,2,6,6
Sleone,3.3,4.4,0.75,6,3,5,2,6,6
Sleone,2.7,3.7,0.73,5,2,4,1,0,4
Sleone,2.4,3.4,0.71,5,3,5,1,0,5
Sleone,2,2.9,0.69,5,3,4,1,5,4
Sleone,1.7,2.4,0.71,5,3,4,3,0,0
Sleone,6.7,8.8,0.76,6,2,6,1,6,0
Sleone,4.7,6.7,0.7,6,2,2,2,6,6
Sleone,4.9,6.5,0.75,6,2,5,1,6,5
Sleone,5,6.6,0.76,6,3,4,2,6,4
Sleone,4.8,6.3,0.76,6,3,6,2,0,0
Sleone,5.3,6.5,0.82,7,3,3,2,7,0
Ghana,3.9,5.9,0.66,6,3,4,1,6,6
Ghana,4.8,6.7,0.72,6,2,5,1,5,3
Ghana,5,6.7,0.75,6,2,5,1,5,4
Ghana,4.7,6.5,0.72,6,2,6,1,5,4
Ghana,4.3,5.6,0.77,6,2,4,1,5,4
Ghana,4.3,5.9,0.73,6,2,4,1,6,5
Ghana,5,6.8,0.74,6,2,2,1,6,5
Ghana,3.4,5.2,0.65,6,3,7,1,6,5
Ghana,4.5,6.1,0.74,6,1,4,1,6,5
Ghana,4.3,5.6,0.77,6,2,4,1,6,5
Ghana,4.3,6.1,0.7,6,1,3,1,5,5
Ghana,3.7,5.6,0.66,6,1,3,1,6,5
Ghana,4.1,5.7,0.72,6,1,3,1,6,5
Ghana,3.6,5.5,0.65,6,1,4,1,6,5
Ghana,3.4,5,0.68,6,1,3,1,5,6
Ghana,3.6,5,0.72,6,2,4,1,5,0
Ghana,4.5,6,0.75,6,3,4,1,5,6
Ghana,3.5,4.9,0.71,6,3,5,2,6,6
Ghana,3.2,5.1,0.63,6,3,5,2,6,6
Ghana,4,5.6,0.71,6,3,6,1,6,5
Ghana,4.4,6,0.73,6,2,4,2,6,5
Ghana,4.2,5.6,0.75,6,2,3,1,6,5
Ghana,3.7,5.3,0.7,6,1,3,1,5,5
Ghana,4.1,5.8,0.71,6,2,4,1,5,5
Ghana,3.3,4.3,0.77,5,2,6,2,5,5
Ghana,4.1,5.7,0.72,6,2,7,1,5,6
Ghana,3.5,5,0.7,6,3,5,1,6,6
Ghana,5,7,0.71,6,1,3,1,6,5
Ghana,4.8,5.9,0.81,6,2,4,1,6,5
Ghana,3.7,5.1,0.73,6,3,5,2,6,5
Ghana,4.6,6.2,0.74,6,2,6,1,5,4
Ghana,3.8,5.5,0.69,6,1,3,1,6,5
Ghana,3.9,5.4,0.72,6,1,4,1,6,5
Ghana,3.8,5.1,0.75,6,3,4,2,6,5
Ghana,4.6,5.8,0.79,6,2,4,2,6,4
Ghana,4.3,6,0.72,7,2,4,1,6,5
Ghana,4.3,6.1,0.7,6,1,3,1,6,5
Ghana,3.9,6,0.65,6,2,5,2,6,6
Ghana,4.1,5.8,0.71,6,1,2,1,6,5
Ghana,4.2,6.1,0.69,6,2,5,2,6,5
Ghana,3.3,4.8,0.69,5,2,6,1,0,5
Ghana,3.2,4.9,0.65,6,2,3,2,6,6
Ghana,3.5,4.8,0.73,6,2,4,2,6,6
Ghana,4.2,5.9,0.71,6,2,5,1,6,5
Ghana,3.6,5.4,0.67,6,2,2,2,6,6
Ghana,3.4,4.9,0.69,5,1,3,1,5,4
Ghana,3.7,4.9,0.76,6,3,4,1,6,5
Ghana,4,5.6,0.71,6,1,3,1,5,4
Ghana,4.1,5.3,0.77,6,1,3,1,5,4
Ghana,3.8,5.1,0.75,6,1,5,1,5,4
Ghana,3.3,4.8,0.69,5,1,2,1,5,4
Ghana,3.1,4.3,0.72,5,2,5,1,0,5
Ghana,3.1,4.2,0.74,6,1,4,1,6,3
Ghana,3.8,5.1,0.75,6,2,5,1,6,5
Ghana,4.2,5.8,0.72,7,3,7,1,7,7
Ghana,4.3,5.5,0.78,6,1,4,1,5,4
Ghana,4,5.8,0.69,6,1,3,1,5,4
Ghana,3.2,5,0.64,6,2,5,1,6,4
Ghana,4,5.4,0.74,6,2,3,1,5,5
Ghana,3.8,4.9,0.78,6,1,5,1,6,5
Ghana,3.7,4.8,0.77,6,1,4,1,6,5
Ghana,3.9,5.8,0.67,6,1,4,1,6,6
Ghana,3.6,5.2,0.69,6,1,5,1,5,4
Ghana,4.5,5.9,0.76,7,2,4,1,6,6
Ghana,3.4,4.6,0.74,5,1,4,1,4,4
Ghana,5.1,6.7,0.76,6,1,4,1,5,4
Ghana,3.7,5.3,0.7,6,1,4,1,6,4
Ghana,2.8,4.3,0.65,5,2,6,1,5,5
Ghana,3.2,4.3,0.74,6,2,3,2,6,5
Ghana,3.9,5.6,0.7,6,2,4,1,6,5
Ghana,3.5,4.7,0.74,6,2,4,1,6,5
Ghana,3.6,5.7,0.63,5,2,4,1,5,5
Ghana,3.2,4.5,0.71,5,2,4,1,5,4
Ghana,3.7,5.4,0.69,6,2,6,2,6,4
Ghana,3.7,4.9,0.76,6,1,3,1,6,5
Ghana,3.85,6,0.64,6,2,4,1,6,5
Ghana,4,5.1,0.78,6,3,4,2,6,0
Ghana,3.5,5,0.7,6,2,4,1,5,0
Ghana,4.1,5.9,0.69,6,1,3,1,5,4
Ghana,4,5.4,0.74,6,1,2,1,5,5
Ghana,3.6,5.2,0.69,6,1,4,1,6,5
Ghana,4.1,6.1,0.67,6,2,4,2,6,5
Ghana,4,5.5,0.73,6,1,5,1,6,5
Ghana,1.8,2.3,0.78,4,1,4,1,0,0
Ghana,3.1,5,0.62,6,2,2,1,6,5
Ghana,3.6,5.2,0.69,6,2,3,2,6,5
Ghana,4.1,5.9,0.69,6,2,7,1,5,4
Ghana,3.9,6.1,0.64,6,1,4,1,5,4
Ghana,4.1,6,0.68,6,2,5,1,5,5
Ghana,4,6,0.67,6,1,3,1,5,5
